{"weight0": 1.245857553215184, "weight1": 0.23755618767338169, "weight2": 0.8142349893153651, "weight3": 1.3040216947143568, "weight4": 1.9292994599083058, "weight5": 0.6147031986499797, "weight6": -1.2979763953169023, "weight7": 0.07657884808352165, "weight8": -0.8763979761976886, "weight9": -2.1625051251450147, "weight10": 0.989848412841861, "weight11": -0.6421704110048151, "weight12": -1.8612154504367975, "weight13": 1.2626567414829744, "weight14": -1.0651944843997223, "weight15": 1.358101720301608, "weight16": -1.5567066711326565, "weight17": -1.256571090985671, "weight18": 0.5043310301422881, "weight19": -0.8296481935409366, "weight20": 0.6565962860152327, "weight21": -0.34730606042926626, "weight22": 0.5981470766270215, "weight23": -1.0155986512518684, "weight24": 0.4552972484449133, "weight25": -0.6603669353684438, "weight26": 0.21842192618406453, "weight27": 0.08327352729069076, "weight28": 0.07408251564625234, "weight29": 0.13482272968646808, "weight30": -1.0897303866309642, "weight31": -0.818979630013945, "weight32": 0.6958601150045205, "weight33": 0.9973127622191373, "weight34": -0.20934193781131044, "weight35": -0.9802548322193062, "weight36": 1.170568993932512, "weight37": 1.2338013311982492, "weight38": -0.9533957592025547, "weight39": -0.15297957567467144, "weight40": 0.5505695466315962, "weight41": -0.7751910295394671, "weight42": -0.7006810995223999, "weight43": 0.21586590113644238, "weight44": 0.3668864825386236, "weight45": -0.1177111845098828, "weight46": -0.013297859448551599, "weight47": -1.4457278370032793, "weight48": 0.8324683580029621, "weight49": 0.6594649429959059, "weight50": -0.4259382262585975, "weight51": -0.05411270188210733, "weight52": 1.1857791126086568, "weight53": 0.6415468852564696, "weight54": 0.6265680548419472, "weight55": 0.19847334190118174, "weight56": -1.0429918923624752, "weight57": 0.4153035132944084, "weight58": 0.7659992360032039, "weight59": 0.858842536364512, "weight60": 0.06399818901547115, "weight61": 1.471022500464617, "weight62": 1.8716900416961446, "weight63": 1.3040097078088506, "weight64": 0.09965023422100196, "weight65": -0.8426319652336449, "weight66": 0.1203818345562502, "weight67": -2.0392253936547586, "weight68": 0.2113812666093668, "weight69": 1.471663685832939, "weight70": -1.773944868484464, "weight71": -1.3423241568072384, "weight72": 2.1916188743681118, "weight73": 0.8871867363062202, "weight74": -0.890699950153602, "weight75": -0.06482932949036112, "weight76": -0.19329678079911466, "weight77": -0.6246430129174901, "weight78": -1.4576593790074401, "weight79": -0.24229024426899, "weight80": 1.1359998013770962, "weight81": -0.24080672833309702, "weight82": 1.158442431587842, "weight83": 0.08973763233730578, "weight84": 0.38091935245255265, "weight85": -0.025047842118323754, "weight86": -0.7543154820583274, "weight87": -2.486193108676696, "weight88": -0.17012202543321317, "weight89": 1.348542069679172, "weight90": -0.25593244921393216, "weight91": -0.2975561974677967, "weight92": -1.3067463847075689, "weight93": 0.4298726406411052, "weight94": 0.7199004964475061, "weight95": -0.1549132635858229, "weight96": -0.8153384916461562, "weight97": -0.7182561406684587, "weight98": -2.9396641197127806, "weight99": -0.9838744056377451, "weight100": 0.8007553637410513, "weight101": 1.070237669026581, "weight102": 0.07900589588276004, "weight103": -1.8315151402354355, "weight104": -0.2138175352084483, "weight105": -1.0906488333584605, "weight106": 0.513779289298785, "weight107": 0.8098267488644942, "weight108": -1.8011669709772993, "weight109": -0.7132326200484674, "weight110": -0.27759550601552063, "weight111": -0.12285769730473653, "weight112": -1.290345507809603, "weight113": 1.370184417664798, "weight114": 0.5630440925580432, "weight115": -0.09435208288852477, "weight116": 0.6802022793226468, "weight117": 2.1466461126816627, "weight118": -1.6808079515741696, "weight119": -0.2084465804963937, "weight120": 1.040245540661718, "weight121": -1.4097400175938868, "weight122": 0.17639276609558996, "weight123": -1.5551860437788287, "weight124": 2.2477049346280715, "weight125": -0.05420056680276176, "weight126": 0.4351319721186594, "weight127": 2.081186419335791, "weight128": 0.48590969242425364, "weight129": -1.0014602328630233, "weight130": 0.2621357537119347, "weight131": 0.07654479378831253, "weight132": 2.379225025849585, "weight133": 0.35374216966861244, "weight134": 0.5670211763212135, "weight135": 0.4493401744431791, "weight136": -0.6481989966673504, "weight137": -1.1738637912200804, "weight138": 0.3324574415497776, "weight139": -0.5928304427629401, "weight140": -0.882306440700058, "weight141": -0.09120724371409787, "weight142": 0.14061633720444147, "weight143": -0.846053186479994, "weight144": 0.5374045238324651, "weight145": 0.22746050173026067, "weight146": -0.6636854886857837, "weight147": -1.263875912777888, "weight148": 0.5797535477063473, "weight149": 0.5447659657180768, "weight150": -0.12249906362911894, "weight151": 0.5809260200473528, "weight152": -0.8314545999300686, "weight153": 0.9967568129678718, "weight154": -0.8434407243043791, "weight155": 2.5051898105509016, "weight156": -0.12750074903191955, "weight157": -0.2057490297680776, "weight158": -0.3555123500062164, "weight159": 0.6982332395227265, "weight160": -0.8019174990643985, "weight161": -0.9696762723957941, "weight162": -1.2131193200053836, "weight163": 0.6284871560979308, "weight164": -0.04041547335700899, "weight165": 0.7088696633476479, "weight166": -0.3687656415747586, "weight167": 0.06907921530147083, "weight168": 1.958377926679604, "weight169": -0.5863882178224514, "weight170": 0.21241181865432848, "weight171": 0.5516331405433728, "weight172": 0.08143164726605216, "weight173": -0.7427830891369961, "weight174": 0.08657184274414395, "weight175": 0.834598386542657, "weight176": 0.4058857556311972, "weight177": 1.715963829186672, "weight178": -1.0701467694717377, "weight179": -0.8329856582181913, "weight180": 1.032532572119949, "weight181": 0.5260736610410561, "weight182": -0.23046407029416416, "weight183": 0.4335191451091302, "weight184": -0.7295870597163423, "weight185": -0.4192721949269008, "weight186": -1.7014571589387302, "weight187": 0.591967903891105, "weight188": 0.9982790619117344, "weight189": 0.31075885177936274, "weight190": -0.21750761595972007, "weight191": -0.4387662287213593, "weight192": 1.364126234850939, "weight193": 0.503193602643012, "weight194": 0.8875901403716202, "weight195": 0.21949374639707905, "weight196": -0.6691427635345052, "weight197": 1.0116824765012449, "weight198": 0.14135271551084527, "weight199": 0.29045732162012683, "weight200": -1.0740253496260148, "weight201": 0.2947579972259253, "weight202": -0.6488258945431069, "weight203": 0.6080673476217365, "weight204": 1.744829546515665, "weight205": 0.45745699340976936, "weight206": 2.2207911813481935, "weight207": 2.7014710517916853}